{"cameraMode":{"drawMode":0,"name":"Shaded","section":"Shading Mode"},"sceneLighting":true,"audioPlay":false,"sceneViewState":{"m_AlwaysRefresh":false,"showFog":true,"showSkybox":true,"showFlares":true,"showImageEffects":true,"showParticleSystems":true,"showVisualEffectGraphs":true,"m_FxEnabled":true},"in2DMode":false,"pivot":{"x":57.977752685546878,"y":-5.453375339508057,"z":9.762643814086914},"rotation":{"x":0.13148218393325807,"y":0.5080649256706238,"z":-0.07880919426679611,"w":0.8475795388221741},"size":13.170567512512207,"orthographic":false}