{"cameraMode":{"drawMode":0,"name":"Shaded","section":"Shading Mode"},"sceneLighting":false,"audioPlay":false,"sceneViewState":{"m_AlwaysRefresh":false,"showFog":true,"showSkybox":false,"showFlares":true,"showImageEffects":true,"showParticleSystems":true,"showVisualEffectGraphs":true,"m_FxEnabled":true},"in2DMode":false,"pivot":{"x":5.765872955322266,"y":0.10000190883874893,"z":-1.7699999809265137},"rotation":{"x":0.27748462557792666,"y":0.6939979195594788,"z":-0.33601030707359316,"w":0.5731293559074402},"size":3.660686492919922,"orthographic":false}