{"cameraMode":{"drawMode":0,"name":"Shaded","section":"Shading Mode"},"sceneLighting":false,"audioPlay":false,"sceneViewState":{"m_AlwaysRefresh":false,"showFog":true,"showSkybox":false,"showFlares":true,"showImageEffects":true,"showParticleSystems":true,"showVisualEffectGraphs":true,"m_FxEnabled":true},"in2DMode":false,"pivot":{"x":-0.5657868385314941,"y":0.9999998807907105,"z":0.09828543663024903},"rotation":{"x":0.27748462557792666,"y":0.6939979195594788,"z":-0.33601030707359316,"w":0.5731293559074402},"size":4.506340026855469,"orthographic":false}